                  epoch,         train/box_loss,         train/cls_loss,         train/dfl_loss,   metrics/precision(B),      metrics/recall(B),       metrics/mAP50(B),    metrics/mAP50-95(B),           val/box_loss,           val/cls_loss,           val/dfl_loss,                 lr/pg0,                 lr/pg1,                 lr/pg2
                      1,                 0.9473,                 2.6911,                 1.2976,                0.00837,                0.75951,                0.29418,                0.21247,                0.76247,                 2.8256,                 1.1392,             0.00025005,             0.00025005,             0.00025005
                      2,                0.92784,                 1.5429,                  1.273,                0.91253,                0.25373,                0.37051,                0.24831,                0.96441,                 2.4394,                 1.3412,             0.00051165,             0.00051165,             0.00051165
                      3,                0.95964,                 1.4033,                 1.2824,                0.80385,                0.30057,                0.50915,                 0.3203,                 1.1314,                 2.4408,                 1.4807,             0.00076798,             0.00076798,             0.00076798
                      4,                0.99489,                 1.3804,                 1.2915,                0.78013,                0.24245,                0.54496,                0.32888,                 1.2781,                 2.2796,                 1.7071,               0.001019,               0.001019,               0.001019
                      5,                0.96079,                 1.2894,                 1.2713,                 0.5486,                0.44618,                0.58244,                0.36342,                 1.3061,                 2.9622,                 2.1683,              0.0012648,              0.0012648,              0.0012648
                      6,                 1.0046,                 1.2573,                 1.2821,                0.68138,                0.48487,                0.62659,                0.39734,                 1.3597,                 1.9887,                 2.1362,              0.0015053,              0.0015053,              0.0015053
